{"cameraMode":{"drawMode":0,"name":"Shaded","section":"Shading Mode"},"sceneLighting":true,"audioPlay":false,"sceneViewState":{"showFog":true,"showMaterialUpdate":true,"showSkybox":true,"showFlares":true,"showImageEffects":true,"showParticleSystems":true},"in2DMode":false,"pivot":{"x":67.53431701660156,"y":-0.6135010719299316,"z":28.434005737304689},"rotation":{"x":-0.2525213062763214,"y":-0.014244291931390763,"z":0.0036947494372725488,"w":-0.9674926400184631},"size":16.3408145904541,"orthographic":false}